"2;EBAY;Email: policiesATmac.com;"
"0;AMAZON;ListingStatus: 0;UploadTime: null;"
"2;AMAZON;"
"2;AMAZON;"
"3;AMAZON;Email: .icloud.com;"
"1;EBAY;"
"2;AMAZON;ListingPrice: 691.1;"
"2;AMAZON;ListingPrice: -32.72;"
"2;EBAY;Email: policiesATmac.com;"
"3;AMAZON;Email: .icloud.com;"
"0;AMAZON;ListingStatus: 0;Email: policiesATmac.com;"
"3;EBAY;"
"0;EBAY;ListingStatus: 0;"
"1;AMAZON;"
"3;EBAY;ListingPrice: 649.6;"
"0;EBAY;ListingStatus: 0;"
"0;EBAY;ListingStatus: 0;"
"1;AMAZON;"
"0;EBAY;ListingPrice: -87.33;ListingStatus: 0;"
"3;EBAY;ListingPrice: 518.9;"
"3;AMAZON;"
"2;EBAY;UploadTime: null;"
"0;EBAY;ListingStatus: 0;"
"3;EBAY;"
"2;AMAZON;ListingPrice: 506.9;"
"1;AMAZON;"
"1;AMAZON;ListingPrice: -36.67;"
"1;EBAY;"
"1;AMAZON;UploadTime: null;"
"2;AMAZON;Email: policiesATmac.com;"
"1;AMAZON;UploadTime: null;"
"1;AMAZON;"
"1;EBAY;"
"1;AMAZON;"
"0;EBAY;ListingPrice: 226.4;ListingStatus: 0;Email: outlook.com;"
"0;AMAZON;ListingStatus: 0;"
"2;EBAY;Email: policiesATmac.com;"
"1;AMAZON;ListingPrice: -57.81;"
"0;AMAZON;ListingStatus: 0;"
"2;AMAZON;"
"3;EBAY;"
"3;EBAY;"
"1;EBAY;ListingPrice: 918.0;"
"1;AMAZON;ListingPrice: 854.1;"
"1;AMAZON;"
"2;EBAY;"
"2;AMAZON;"
"1;AMAZON;Email: .icloud.com;"
"1;AMAZON;"
"2;EBAY;ListingPrice: -17.82;"
"3;AMAZON;"
"3;AMAZON;ListingPrice: -95.0;"
"3;AMAZON;"
"3;AMAZON;"
"2;EBAY;"
"1;AMAZON;UploadTime: null;Email: policiesATmac.com;"
"0;AMAZON;ListingStatus: 0;"
"2;AMAZON;ListingPrice: -94.88;"
"1;AMAZON;"
"2;EBAY;Email: policiesATmac.com;"
"2;AMAZON;Email: policiesATmac.com;"
"1;EBAY;Email: .icloud.com;"
"1;EBAY;"
"0;EBAY;ListingStatus: 0;UploadTime: null;"
"3;EBAY;"
"1;AMAZON;"
"1;EBAY;"
"3;EBAY;ListingPrice: 642.8;"
"0;EBAY;ListingStatus: 0;UploadTime: null;"
"2;AMAZON;Email: .icloud.com;"
"3;AMAZON;ListingPrice: 477.3;"
"0;EBAY;ListingStatus: 0;"
"0;AMAZON;ListingStatus: 0;UploadTime: null;"
"2;AMAZON;"
"0;EBAY;ListingStatus: 0;"
"2;EBAY;"
"2;AMAZON;ListingPrice: -25.22;"
"0;EBAY;ListingStatus: 0;"
"1;AMAZON;"
"0;AMAZON;ListingPrice: 190.5;ListingStatus: 0;Email: .icloud.com;"
"3;AMAZON;"
"3;EBAY;ListingPrice: -3.35;UploadTime: null;"
"0;EBAY;ListingStatus: 0;"
"3;AMAZON;"
"1;AMAZON;"
"2;AMAZON;"
"1;EBAY;"
"2;EBAY;"
"0;AMAZON;ListingStatus: 0;"
"1;EBAY;ListingPrice: 916.7;UploadTime: null;"
"1;AMAZON;"
"3;AMAZON;"
"2;EBAY;"
"0;AMAZON;ListingStatus: 0;"
"3;EBAY;Email: policiesATmac.com;"
"2;AMAZON;"
"2;EBAY;"
"1;EBAY;"
"3;EBAY;Email: .icloud.com;"
"3;EBAY;"
"0;AMAZON;ListingStatus: 0;"
"3;AMAZON;ListingPrice: 8.2;Email: policiesATmac.com;"
"2;AMAZON;ListingPrice: 186.8;"
"0;EBAY;ListingStatus: 0;"
"0;AMAZON;ListingStatus: 0;"
"3;AMAZON;Email: .icloud.com;"
"0;EBAY;ListingStatus: 0;"
"2;EBAY;"
"2;EBAY;"
"3;AMAZON;"
"2;EBAY;Email: outlook.com;"
"0;AMAZON;ListingStatus: 0;"
"1;EBAY;Email: .icloud.com;"
"2;AMAZON;"
"3;AMAZON;"
"0;AMAZON;ListingStatus: 0;"
"1;EBAY;ListingPrice: -31.95;"
"3;AMAZON;"
"3;AMAZON;ListingPrice: 220.1;"
"3;EBAY;"
"1;AMAZON;ListingPrice: 994.0;"
"0;AMAZON;ListingStatus: 0;"
"0;AMAZON;ListingPrice: 57.9;ListingStatus: 0;"
"3;EBAY;"
"1;AMAZON;ListingPrice: -34.26;"
"2;AMAZON;UploadTime: null;"
"1;AMAZON;UploadTime: null;"
"0;EBAY;ListingStatus: 0;"
"1;EBAY;UploadTime: null;"
"0;EBAY;ListingStatus: 0;"
"1;AMAZON;"
"0;EBAY;ListingStatus: 0;"
"2;AMAZON;"
"1;AMAZON;ListingPrice: 657.5;"
"1;AMAZON;"
"2;EBAY;"
"3;EBAY;UploadTime: null;"
"0;EBAY;ListingPrice: 62.8;ListingStatus: 0;"
"2;AMAZON;"
"1;AMAZON;"
"1;EBAY;ListingPrice: 162.8;UploadTime: null;"
"1;AMAZON;"
"2;EBAY;"
"1;EBAY;"
"3;AMAZON;"
"1;EBAY;ListingPrice: -79.19;"
"0;AMAZON;ListingStatus: 0;UploadTime: null;Email: policiesATmac.com;"
"2;EBAY;"
"0;EBAY;ListingStatus: 0;UploadTime: null;"
"1;AMAZON;"
"1;AMAZON;ListingPrice: 367.6;"
"0;AMAZON;ListingStatus: 0;"
"2;EBAY;UploadTime: null;"
"3;EBAY;"
"2;EBAY;"
"3;AMAZON;ListingPrice: 210.5;"
"1;EBAY;UploadTime: null;"
"1;AMAZON;"
"1;AMAZON;UploadTime: null;"
"2;EBAY;ListingPrice: 64.5;"
"0;AMAZON;ListingStatus: 0;"
"1;EBAY;ListingPrice: 368.0;Email: .icloud.com;"
"1;AMAZON;"
"1;AMAZON;UploadTime: null;"
"0;AMAZON;ListingStatus: 0;"
"0;EBAY;ListingStatus: 0;"
"0;EBAY;ListingPrice: -29.81;ListingStatus: 0;"
"1;EBAY;UploadTime: null;Email: .icloud.com;"
"2;AMAZON;"
"1;AMAZON;"
"2;AMAZON;ListingPrice: 200.4;"
"1;AMAZON;"
"0;AMAZON;ListingStatus: 0;"
"3;AMAZON;ListingPrice: -43.79;Email: outlook.com;"
"1;EBAY;Email: outlook.com;"
"0;EBAY;ListingStatus: 0;"
"0;AMAZON;ListingStatus: 0;"
"0;EBAY;ListingStatus: 0;"
"3;AMAZON;"
"3;EBAY;"
"1;AMAZON;ListingPrice: -39.57;"
"3;EBAY;"
"2;EBAY;"
"0;EBAY;ListingStatus: 0;"
"1;AMAZON;"
"0;AMAZON;ListingStatus: 0;"
"3;EBAY;"
"2;AMAZON;UploadTime: null;"
"1;AMAZON;"
"2;EBAY;ListingPrice: -14.86;Email: policiesATmac.com;"
"2;EBAY;"
"2;EBAY;ListingPrice: 141.5;"
"1;EBAY;"
"3;AMAZON;ListingPrice: -53.2;Email: outlook.com;"
"1;EBAY;"
"3;EBAY;"
"0;AMAZON;ListingStatus: 0;UploadTime: null;"
"2;AMAZON;"
"1;EBAY;"
"0;EBAY;ListingStatus: 0;"
"0;EBAY;ListingStatus: 0;Email: policiesATmac.com;"
"3;AMAZON;ListingPrice: 751.7;"
"1;AMAZON;ListingPrice: 332.8;"
"3;AMAZON;Email: policiesATmac.com;"
"2;EBAY;"
"1;EBAY;UploadTime: null;"
"3;EBAY;ListingPrice: -58.93;"
"2;EBAY;"
"2;EBAY;"
"0;AMAZON;ListingStatus: 0;Email: outlook.com;"
"2;AMAZON;ListingPrice: 663.6;"
"0;AMAZON;ListingPrice: -41.35;ListingStatus: 0;"
"2;EBAY;ListingPrice: -1.92;"
"2;AMAZON;Email: outlook.com;"
"0;AMAZON;ListingStatus: 0;"
"2;AMAZON;"
"3;EBAY;UploadTime: null;"
"3;AMAZON;"
"1;AMAZON;UploadTime: null;Email: policiesATmac.com;"
"3;EBAY;Email: outlook.com;"
"0;AMAZON;ListingPrice: -84.55;ListingStatus: 0;"
"1;AMAZON;Email: policiesATmac.com;"
"1;EBAY;"
"3;AMAZON;"
"1;AMAZON;ListingPrice: -96.39;"
"3;AMAZON;"
"0;AMAZON;ListingStatus: 0;"
"2;AMAZON;"
"1;AMAZON;"
"0;EBAY;ListingStatus: 0;"
"1;EBAY;"
"1;EBAY;Email: .icloud.com;"
"0;AMAZON;ListingStatus: 0;"
"1;EBAY;"
"3;EBAY;"
"0;AMAZON;ListingPrice: -61.52;ListingStatus: 0;"
"2;AMAZON;UploadTime: null;"
"2;EBAY;"
"2;AMAZON;UploadTime: null;"
"0;EBAY;ListingPrice: 356.2;ListingStatus: 0;"
"0;AMAZON;ListingStatus: 0;"
"0;EBAY;ListingStatus: 0;"
"2;EBAY;"
"2;AMAZON;"
"3;AMAZON;"
"1;AMAZON;"
"3;AMAZON;UploadTime: null;"
"2;AMAZON;Email: outlook.com;"
"2;EBAY;"
"0;AMAZON;ListingStatus: 0;"
"1;AMAZON;ListingPrice: 778.6;"
"3;AMAZON;ListingPrice: 65.9;"
"1;EBAY;Email: policiesATmac.com;"
"1;AMAZON;Email: outlook.com;"
"1;AMAZON;"
"2;EBAY;"
"3;EBAY;"
"2;EBAY;"
"1;AMAZON;"
"3;EBAY;UploadTime: null;"
"2;EBAY;"
"0;AMAZON;ListingStatus: 0;"
"1;EBAY;Email: outlook.com;"
"1;AMAZON;Email: .icloud.com;"
"3;AMAZON;"
"0;AMAZON;ListingPrice: 524.0;ListingStatus: 0;"
"2;AMAZON;ListingPrice: 834.3;"
"0;EBAY;ListingStatus: 0;"
"1;EBAY;"
"0;EBAY;ListingStatus: 0;"
"0;AMAZON;ListingPrice: -78.2;ListingStatus: 0;"
"2;AMAZON;"
"0;EBAY;ListingStatus: 0;"
"3;AMAZON;"
"1;EBAY;ListingPrice: 348.6;UploadTime: null;"
"2;AMAZON;ListingPrice: -84.53;"
"3;AMAZON;ListingPrice: -96.57;"
"3;EBAY;Email: policiesATmac.com;"
"1;EBAY;Email: policiesATmac.com;"
"0;AMAZON;ListingStatus: 0;Email: outlook.com;"
"3;AMAZON;Email: policiesATmac.com;"
"3;AMAZON;ListingPrice: 948.1;"
"1;EBAY;"
"1;AMAZON;UploadTime: null;"
"0;AMAZON;ListingStatus: 0;"
"0;EBAY;ListingPrice: -69.55;ListingStatus: 0;"
"0;AMAZON;ListingStatus: 0;"
"2;EBAY;ListingPrice: 318.6;"
"3;EBAY;"
"3;EBAY;"
"3;AMAZON;ListingPrice: 395.7;"
"3;AMAZON;"
"3;AMAZON;"
"2;AMAZON;UploadTime: null;Email: .icloud.com;"
"1;AMAZON;ListingPrice: 33.1;"
"2;EBAY;"
"3;EBAY;"
"2;EBAY;"
"3;AMAZON;"
"2;AMAZON;"
"0;EBAY;ListingStatus: 0;"
"3;EBAY;"
"0;AMAZON;ListingPrice: -50.05;ListingStatus: 0;Email: policiesATmac.com;"
"1;EBAY;ListingPrice: -28.23;"
"3;EBAY;"
"0;AMAZON;ListingStatus: 0;"
"3;EBAY;"
"2;AMAZON;"
"0;EBAY;ListingStatus: 0;"
"0;EBAY;ListingStatus: 0;"
"2;EBAY;"
"0;EBAY;ListingPrice: 338.7;ListingStatus: 0;"
"0;AMAZON;ListingStatus: 0;"
"3;EBAY;ListingPrice: 86.3;UploadTime: null;"
"2;AMAZON;"
"2;EBAY;"
"0;AMAZON;ListingStatus: 0;Email: policiesATmac.com;"
"1;EBAY;UploadTime: null;"
"2;EBAY;UploadTime: null;"
"1;EBAY;"
"2;EBAY;"
"1;AMAZON;"
"2;AMAZON;"
"2;AMAZON;"
"2;AMAZON;ListingPrice: -55.08;Email: outlook.com;"
"1;AMAZON;ListingPrice: -27.01;"
"1;EBAY;UploadTime: null;"
"3;AMAZON;"
"2;AMAZON;"
"1;EBAY;Email: policiesATmac.com;"
"0;AMAZON;ListingStatus: 0;"
"2;EBAY;UploadTime: null;"
"3;EBAY;ListingPrice: -9.07;UploadTime: null;"
"3;EBAY;"
"2;AMAZON;"
"2;EBAY;UploadTime: null;Email: policiesATmac.com;"
"1;EBAY;"
"3;AMAZON;"
"0;EBAY;ListingPrice: -52.26;ListingStatus: 0;Email: policiesATmac.com;"
"1;EBAY;ListingPrice: -88.37;"
"3;EBAY;"
"1;AMAZON;"
"2;EBAY;UploadTime: null;"
"1;AMAZON;ListingPrice: -89.76;UploadTime: null;"
"3;EBAY;"
"3;EBAY;"
"0;AMAZON;ListingStatus: 0;"
"0;EBAY;ListingPrice: -65.31;ListingStatus: 0;"
"1;EBAY;"
"1;EBAY;"
"2;EBAY;"
"2;AMAZON;UploadTime: null;"
"1;AMAZON;"
"2;EBAY;ListingPrice: 679.0;"
"1;AMAZON;"
"2;AMAZON;UploadTime: null;"
"1;AMAZON;"
"3;AMAZON;ListingPrice: -85.44;"
"0;EBAY;ListingPrice: 642.9;ListingStatus: 0;Email: .icloud.com;"
"2;EBAY;"
"3;EBAY;"
"3;EBAY;ListingPrice: -56.17;Email: policiesATmac.com;"
"3;EBAY;"
"3;AMAZON;ListingPrice: -17.63;"
"1;AMAZON;"
"3;EBAY;ListingPrice: 993.2;"
"3;EBAY;"
"2;AMAZON;"
"2;EBAY;"
"1;EBAY;"
"0;EBAY;ListingStatus: 0;UploadTime: null;"
"3;AMAZON;"
"1;EBAY;"
"3;EBAY;"
"2;AMAZON;ListingPrice: -52.62;"
"1;AMAZON;"
"0;EBAY;ListingPrice: -97.13;ListingStatus: 0;"
"2;EBAY;UploadTime: null;"
"3;AMAZON;Email: .icloud.com;"
"1;AMAZON;"
"2;EBAY;"
"2;AMAZON;Email: policiesATmac.com;"
"2;AMAZON;"
"0;EBAY;ListingStatus: 0;"
"2;AMAZON;ListingPrice: 795.0;UploadTime: null;"
"2;AMAZON;"
"1;EBAY;"
"3;EBAY;"
"1;EBAY;"
"0;AMAZON;ListingStatus: 0;UploadTime: null;"
"1;AMAZON;"
"0;AMAZON;ListingStatus: 0;"
"3;AMAZON;ListingPrice: 20.0;"
"0;AMAZON;ListingPrice: -54.44;ListingStatus: 0;"
"0;AMAZON;ListingStatus: 0;UploadTime: null;Email: .icloud.com;"
"2;AMAZON;"
"3;AMAZON;"
"0;AMAZON;ListingStatus: 0;UploadTime: null;"
"2;AMAZON;"
"0;EBAY;ListingStatus: 0;"
"1;EBAY;Email: .icloud.com;"
"1;EBAY;UploadTime: null;"
"3;AMAZON;"
"1;EBAY;"
"1;AMAZON;ListingPrice: 563.9;Email: outlook.com;"
"2;AMAZON;"
"2;EBAY;"
"3;EBAY;ListingPrice: -54.12;Email: outlook.com;"
"2;EBAY;"
"1;AMAZON;"
"1;AMAZON;Email: .icloud.com;"
"0;AMAZON;ListingPrice: -75.3;ListingStatus: 0;"
"0;EBAY;ListingStatus: 0;"
"1;EBAY;"
"3;AMAZON;UploadTime: null;"
"3;EBAY;"
"0;EBAY;ListingStatus: 0;"
"2;EBAY;"
"1;EBAY;UploadTime: null;"
"0;AMAZON;ListingStatus: 0;"
"1;AMAZON;Email: outlook.com;"
"1;EBAY;"
"3;AMAZON;"
"2;AMAZON;UploadTime: null;"
"3;AMAZON;"
"2;EBAY;ListingPrice: -71.17;"
"0;EBAY;ListingPrice: 745.4;ListingStatus: 0;"
"2;AMAZON;"
"2;EBAY;"
"3;EBAY;UploadTime: null;"
"3;AMAZON;"
"0;EBAY;ListingStatus: 0;"
"2;AMAZON;"
"3;EBAY;"
"0;AMAZON;ListingStatus: 0;"
"3;AMAZON;"
"0;AMAZON;ListingPrice: -6.86;ListingStatus: 0;"
"3;EBAY;"
"1;AMAZON;"
"2;EBAY;"
"3;EBAY;"
"2;AMAZON;ListingPrice: 622.5;"
"3;EBAY;UploadTime: null;"
"2;AMAZON;ListingPrice: -16.9;"
"2;EBAY;"
"1;AMAZON;"
"0;AMAZON;ListingStatus: 0;"
"3;AMAZON;ListingPrice: 203.8;"
"3;EBAY;"
"1;EBAY;"
"3;EBAY;"
"1;AMAZON;"
"3;EBAY;"
"1;EBAY;UploadTime: null;Email: policiesATmac.com;"
"1;EBAY;"
"2;EBAY;"
"1;AMAZON;"
"1;AMAZON;ListingPrice: -12.8;"
"1;AMAZON;Email: outlook.com;"
"3;EBAY;UploadTime: null;"
"0;AMAZON;ListingStatus: 0;"
"0;EBAY;ListingPrice: 996.3;ListingStatus: 0;UploadTime: null;"
"1;AMAZON;"
"1;EBAY;"
"1;EBAY;ListingPrice: -25.87;"
"3;AMAZON;"
"1;AMAZON;UploadTime: null;"
"1;EBAY;"
"2;EBAY;ListingPrice: -55.31;"
"3;EBAY;"
"3;EBAY;"
"3;AMAZON;ListingPrice: -18.79;"
"1;EBAY;"
"1;EBAY;ListingPrice: -83.23;Email: outlook.com;"
"2;EBAY;"
"0;EBAY;ListingStatus: 0;Email: outlook.com;"
"0;EBAY;ListingStatus: 0;"
"0;AMAZON;ListingStatus: 0;"
"0;EBAY;ListingStatus: 0;"
"0;EBAY;ListingStatus: 0;Email: .icloud.com;"
"2;AMAZON;"
"3;AMAZON;ListingPrice: -85.86;"
"0;AMAZON;ListingPrice: 332.7;ListingStatus: 0;"
"0;AMAZON;ListingStatus: 0;Email: .icloud.com;"
"0;AMAZON;ListingStatus: 0;"
"1;AMAZON;Email: policiesATmac.com;"
"2;AMAZON;Email: .icloud.com;"
"1;EBAY;"
"0;EBAY;ListingPrice: 279.1;ListingStatus: 0;"
"2;AMAZON;UploadTime: null;"
"2;EBAY;"
"0;AMAZON;ListingPrice: -8.23;ListingStatus: 0;"
"0;AMAZON;ListingStatus: 0;"
"3;AMAZON;"
"3;EBAY;"
"3;AMAZON;"
"3;AMAZON;"
"3;EBAY;ListingPrice: -97.81;Email: .icloud.com;"
"2;EBAY;"
"1;EBAY;"
"3;AMAZON;UploadTime: null;"
"2;AMAZON;"
"1;EBAY;"
"3;AMAZON;"
"3;EBAY;"
"3;AMAZON;"
"2;AMAZON;"
"0;AMAZON;ListingStatus: 0;UploadTime: null;"
"3;EBAY;Email: policiesATmac.com;"
"1;AMAZON;"
"2;EBAY;"
"2;AMAZON;"
"1;EBAY;"
"2;EBAY;"
"0;EBAY;ListingStatus: 0;"
"0;AMAZON;ListingStatus: 0;"
"0;EBAY;ListingStatus: 0;"
"3;AMAZON;ListingPrice: 784.2;UploadTime: null;"
"0;AMAZON;ListingStatus: 0;"
"2;AMAZON;Email: .icloud.com;"
"2;AMAZON;"
"2;AMAZON;"
"0;AMAZON;ListingStatus: 0;Email: outlook.com;"
"1;AMAZON;"
"3;AMAZON;"
"1;EBAY;ListingPrice: -60.67;"
"1;AMAZON;"
"0;AMAZON;ListingStatus: 0;"
"2;EBAY;Email: outlook.com;"
"0;EBAY;ListingStatus: 0;"
"3;AMAZON;UploadTime: null;"
"3;EBAY;"
"1;AMAZON;"
"1;AMAZON;Email: policiesATmac.com;"
"0;AMAZON;ListingStatus: 0;"
"0;AMAZON;ListingStatus: 0;"
"2;EBAY;"
"1;EBAY;"
"0;AMAZON;ListingStatus: 0;UploadTime: null;"
"1;AMAZON;"
"1;AMAZON;Email: .icloud.com;"
"3;EBAY;"
"3;AMAZON;"
"1;AMAZON;Email: outlook.com;"
"2;EBAY;ListingPrice: -47.74;"
"2;AMAZON;ListingPrice: -96.4;"
"3;EBAY;Email: .icloud.com;"
"3;EBAY;UploadTime: null;"
"0;EBAY;ListingPrice: 916.4;ListingStatus: 0;"
"0;EBAY;ListingStatus: 0;"
"1;AMAZON;"
"3;AMAZON;"
"1;EBAY;"
"2;AMAZON;"
"1;AMAZON;ListingPrice: -18.15;"
"0;AMAZON;ListingStatus: 0;Email: .icloud.com;"
"2;AMAZON;"
"3;EBAY;"
"2;EBAY;ListingPrice: 156.9;"
"3;AMAZON;"
"0;AMAZON;ListingStatus: 0;"
"2;EBAY;"
"3;AMAZON;Email: policiesATmac.com;"
"3;EBAY;"
"3;EBAY;"
"2;AMAZON;UploadTime: null;"
"3;EBAY;"
"2;EBAY;"
"3;AMAZON;ListingPrice: 527.8;"
"2;EBAY;ListingPrice: -95.35;"
"3;AMAZON;ListingPrice: 844.8;Email: .icloud.com;"
"3;EBAY;ListingPrice: 551.1;"
"1;EBAY;ListingPrice: -58.44;"
"0;EBAY;ListingStatus: 0;"
"0;EBAY;ListingStatus: 0;"
"3;AMAZON;"
"0;AMAZON;ListingPrice: -89.05;ListingStatus: 0;"
"3;EBAY;"
"1;AMAZON;ListingPrice: 405.6;"
"3;EBAY;"
"0;AMAZON;ListingStatus: 0;Email: .icloud.com;"
"1;AMAZON;Email: .icloud.com;"
"2;AMAZON;"
"2;EBAY;"
"1;AMAZON;"
"2;EBAY;"
"2;EBAY;Email: policiesATmac.com;"
"1;EBAY;ListingPrice: -84.54;"
"0;AMAZON;ListingStatus: 0;"
"0;EBAY;ListingStatus: 0;"
"0;EBAY;ListingStatus: 0;"
"3;EBAY;"
"0;EBAY;ListingStatus: 0;Email: .icloud.com;"
"3;AMAZON;"
"2;AMAZON;ListingPrice: 202.4;"
"2;EBAY;"
"1;AMAZON;"
"2;EBAY;"
"2;AMAZON;"
"0;AMAZON;ListingStatus: 0;Email: .icloud.com;"
"2;AMAZON;"
"3;AMAZON;"
"1;AMAZON;Email: outlook.com;"
"0;AMAZON;ListingStatus: 0;Email: policiesATmac.com;"
"0;AMAZON;ListingStatus: 0;"
"2;AMAZON;"
"1;EBAY;"
"1;EBAY;"
"2;EBAY;"
"0;AMAZON;ListingStatus: 0;"
"3;AMAZON;"
"2;AMAZON;"
"2;AMAZON;"
"3;EBAY;"
"1;AMAZON;UploadTime: null;Email: .icloud.com;"
"0;AMAZON;ListingStatus: 0;"
"3;EBAY;"
"3;AMAZON;"
"0;AMAZON;ListingStatus: 0;"
"0;AMAZON;ListingStatus: 0;"
"3;EBAY;"
"0;AMAZON;ListingStatus: 0;"
"2;EBAY;"
"3;AMAZON;"
"1;EBAY;UploadTime: null;"
"2;AMAZON;"
"2;AMAZON;"
"3;AMAZON;"
"0;EBAY;ListingStatus: 0;"
"1;EBAY;"
"3;EBAY;ListingPrice: -65.35;"
"0;AMAZON;ListingPrice: 807.4;ListingStatus: 0;"
"0;AMAZON;ListingStatus: 0;"
"3;EBAY;ListingPrice: 80.2;"
"1;EBAY;"
"2;AMAZON;UploadTime: null;Email: outlook.com;"
"3;EBAY;"
"2;EBAY;Email: .icloud.com;"
"2;EBAY;"
"3;AMAZON;UploadTime: null;"
"3;EBAY;Email: policiesATmac.com;"
"1;AMAZON;ListingPrice: 615.1;"
"2;EBAY;ListingPrice: 271.2;"
"3;AMAZON;"
"1;AMAZON;UploadTime: null;"
"3;AMAZON;"
"0;EBAY;ListingPrice: -66.88;ListingStatus: 0;"
"1;EBAY;Email: policiesATmac.com;"
"3;EBAY;"
"2;EBAY;Email: .icloud.com;"
"2;AMAZON;"
"0;EBAY;ListingStatus: 0;"
"2;EBAY;Email: outlook.com;"
"3;AMAZON;"
"0;EBAY;ListingStatus: 0;"
"1;EBAY;"
"0;EBAY;ListingStatus: 0;"
"1;AMAZON;UploadTime: null;"
"0;AMAZON;ListingStatus: 0;"
"0;EBAY;ListingPrice: 480.5;ListingStatus: 0;"
"0;AMAZON;ListingStatus: 0;Email: outlook.com;"
"2;AMAZON;ListingPrice: -47.12;Email: .icloud.com;"
"1;AMAZON;ListingPrice: 571.6;UploadTime: null;"
"2;EBAY;"
"3;AMAZON;ListingPrice: 38.0;"
"0;EBAY;ListingStatus: 0;"
"3;EBAY;"
"0;AMAZON;ListingStatus: 0;"
"2;AMAZON;"
"0;AMAZON;ListingStatus: 0;Email: policiesATmac.com;"
"3;AMAZON;ListingPrice: -93.3;Email: .icloud.com;"
"2;AMAZON;ListingPrice: 969.3;"
"0;AMAZON;ListingStatus: 0;"
"2;EBAY;ListingPrice: -72.91;"
"1;AMAZON;"
"1;EBAY;"
"3;EBAY;"
"1;EBAY;"
"3;EBAY;"
"0;AMAZON;ListingStatus: 0;"
"3;EBAY;ListingPrice: 649.7;"
"2;AMAZON;ListingPrice: -50.25;"
"3;AMAZON;"
"2;AMAZON;"
"1;EBAY;"
"1;AMAZON;UploadTime: null;"
"3;EBAY;"
"2;AMAZON;"
"2;EBAY;"
"0;AMAZON;ListingStatus: 0;"
"0;AMAZON;ListingStatus: 0;"
"0;AMAZON;ListingPrice: -94.51;ListingStatus: 0;"
"3;EBAY;"
"2;AMAZON;"
"0;EBAY;ListingStatus: 0;"
"2;EBAY;"
"0;AMAZON;ListingStatus: 0;Email: .icloud.com;"
"1;AMAZON;"
"2;AMAZON;ListingPrice: -10.22;"
"0;AMAZON;ListingStatus: 0;"
"1;EBAY;UploadTime: null;"
"1;AMAZON;"
"1;EBAY;"
"0;AMAZON;ListingStatus: 0;"
"3;EBAY;ListingPrice: 821.0;"
"3;EBAY;UploadTime: null;"
"1;AMAZON;UploadTime: null;"
"2;EBAY;"
"1;EBAY;UploadTime: null;"
"2;AMAZON;ListingPrice: 782.8;"
"2;AMAZON;Email: policiesATmac.com;"
"2;AMAZON;"
"3;AMAZON;"
"2;EBAY;"
"0;AMAZON;ListingPrice: -86.25;ListingStatus: 0;UploadTime: null;"
"3;EBAY;"
"0;EBAY;ListingStatus: 0;"
"2;EBAY;"
"1;AMAZON;"
"3;EBAY;"
"0;EBAY;ListingPrice: -90.3;ListingStatus: 0;"
"3;AMAZON;"
"2;EBAY;ListingPrice: 644.4;"
"1;AMAZON;"
"1;EBAY;"
"2;AMAZON;"
"1;AMAZON;"
"2;AMAZON;"
"0;EBAY;ListingStatus: 0;"
"2;EBAY;"
"0;AMAZON;ListingPrice: -73.0;ListingStatus: 0;"
"1;EBAY;Email: .icloud.com;"
"1;EBAY;UploadTime: null;"
"1;AMAZON;"
"3;AMAZON;"
"2;EBAY;Email: outlook.com;"
"0;EBAY;ListingPrice: 122.0;ListingStatus: 0;Email: .icloud.com;"
"0;AMAZON;ListingStatus: 0;"
"0;AMAZON;ListingStatus: 0;"
"0;AMAZON;ListingStatus: 0;"
"0;EBAY;ListingStatus: 0;UploadTime: null;Email: policiesATmac.com;"
"0;EBAY;ListingStatus: 0;"
"0;AMAZON;ListingStatus: 0;UploadTime: null;Email: .icloud.com;"
"2;AMAZON;"
"2;AMAZON;Email: policiesATmac.com;"
"0;EBAY;ListingPrice: 566.4;ListingStatus: 0;"
"3;EBAY;UploadTime: null;"
"3;EBAY;"
"1;AMAZON;"
"0;AMAZON;ListingStatus: 0;"
"0;AMAZON;ListingStatus: 0;"
"1;AMAZON;ListingPrice: 830.6;"
"2;EBAY;"
"3;EBAY;Email: .icloud.com;"
"3;AMAZON;"
"1;EBAY;UploadTime: null;"
"2;EBAY;"
"2;AMAZON;"
"3;AMAZON;"
"0;AMAZON;ListingStatus: 0;"
"2;EBAY;ListingPrice: 733.7;"
"1;EBAY;"
"0;EBAY;ListingPrice: 268.1;ListingStatus: 0;"
"0;AMAZON;ListingStatus: 0;"
"0;EBAY;ListingPrice: -5.86;ListingStatus: 0;"
"0;AMAZON;ListingStatus: 0;"
"0;EBAY;ListingStatus: 0;"
"1;AMAZON;"
"3;AMAZON;ListingPrice: 720.0;"
"3;AMAZON;"
"3;AMAZON;"
"3;AMAZON;"
"2;AMAZON;"
"0;EBAY;ListingStatus: 0;Email: .icloud.com;"
"3;EBAY;"
"3;AMAZON;ListingPrice: 644.9;"
"1;EBAY;"
"2;EBAY;UploadTime: null;"
"1;EBAY;Email: outlook.com;"
"2;EBAY;Email: policiesATmac.com;"
"3;EBAY;"
"3;EBAY;UploadTime: null;Email: outlook.com;"
"2;EBAY;"
"1;EBAY;"
"3;AMAZON;"
"2;AMAZON;"
"0;EBAY;ListingStatus: 0;"
"2;EBAY;"
"1;EBAY;ListingPrice: -32.1;Email: outlook.com;"
"1;AMAZON;Email: outlook.com;"
"3;AMAZON;ListingPrice: 217.0;"
"1;EBAY;"
"1;AMAZON;"
"3;EBAY;"
"1;EBAY;"
"0;EBAY;ListingStatus: 0;Email: policiesATmac.com;"
"1;EBAY;"
"2;EBAY;"
"1;EBAY;"
"0;AMAZON;ListingStatus: 0;Email: .icloud.com;"
"2;EBAY;Email: policiesATmac.com;"
"2;EBAY;ListingPrice: 395.0;Email: .icloud.com;"
"3;EBAY;"
"0;AMAZON;ListingPrice: -22.84;ListingStatus: 0;"
"1;AMAZON;"
"0;AMAZON;ListingStatus: 0;"
"2;AMAZON;ListingPrice: -69.24;"
"0;AMAZON;ListingStatus: 0;"
"3;AMAZON;ListingPrice: -69.95;"
"0;AMAZON;ListingStatus: 0;"
"2;EBAY;"
"3;EBAY;UploadTime: null;"
"2;EBAY;ListingPrice: -24.14;"
"2;EBAY;"
"0;EBAY;ListingStatus: 0;UploadTime: null;Email: .icloud.com;"
"1;AMAZON;ListingPrice: 754.1;"
"0;AMAZON;ListingPrice: -81.64;ListingStatus: 0;"
"1;AMAZON;"
"0;EBAY;ListingStatus: 0;"
"0;EBAY;ListingStatus: 0;Email: policiesATmac.com;"
"1;EBAY;"
"0;EBAY;ListingStatus: 0;Email: .icloud.com;"
"3;AMAZON;ListingPrice: 404.2;"
"1;EBAY;"
"3;AMAZON;"
"0;AMAZON;ListingStatus: 0;UploadTime: null;"
"2;AMAZON;UploadTime: null;"
"3;EBAY;"
"1;EBAY;"
"2;AMAZON;"
"1;EBAY;"
"2;EBAY;"
"1;AMAZON;"
"1;EBAY;"
"0;EBAY;ListingStatus: 0;"
"2;AMAZON;"
"3;EBAY;ListingPrice: 456.9;"
"1;EBAY;"
"3;AMAZON;"
"1;EBAY;"
"2;AMAZON;"
"0;AMAZON;ListingStatus: 0;"
"0;EBAY;ListingStatus: 0;UploadTime: null;"
"3;AMAZON;"
"3;AMAZON;"
"2;AMAZON;"
"3;EBAY;"
"2;EBAY;UploadTime: null;Email: outlook.com;"
"3;EBAY;Email: .icloud.com;"
"2;AMAZON;"
"0;AMAZON;ListingStatus: 0;UploadTime: null;"
"3;EBAY;"
"0;EBAY;ListingStatus: 0;"
"2;AMAZON;"
"3;AMAZON;"
"2;AMAZON;"
"2;EBAY;Email: policiesATmac.com;"
"0;AMAZON;ListingStatus: 0;"
"2;EBAY;"
"1;AMAZON;UploadTime: null;"
"2;AMAZON;"
"0;AMAZON;ListingStatus: 0;Email: policiesATmac.com;"
"3;AMAZON;"
"2;AMAZON;"
"1;AMAZON;"
"3;AMAZON;Email: outlook.com;"
"2;EBAY;ListingPrice: 634.8;"
"3;AMAZON;UploadTime: null;"
"1;EBAY;"
"1;AMAZON;"
"0;EBAY;ListingPrice: -88.02;ListingStatus: 0;"
"3;EBAY;"
"3;AMAZON;"
"1;AMAZON;ListingPrice: 54.3;"
"1;EBAY;ListingPrice: -5.33;"
"2;EBAY;"
"1;AMAZON;ListingPrice: 917.4;"
"1;AMAZON;"
"1;AMAZON;"
"0;AMAZON;ListingStatus: 0;"
"1;AMAZON;Email: outlook.com;"
"3;AMAZON;Email: policiesATmac.com;"
"1;AMAZON;"
"3;AMAZON;"
"0;AMAZON;ListingStatus: 0;"
"1;EBAY;"
"1;AMAZON;ListingPrice: -76.9;"
"0;EBAY;ListingPrice: 678.1;ListingStatus: 0;"
"3;EBAY;"
"1;AMAZON;"
"0;EBAY;ListingStatus: 0;"
"2;EBAY;"
"0;AMAZON;ListingStatus: 0;"
"3;AMAZON;"
"0;AMAZON;ListingStatus: 0;"
"0;EBAY;ListingPrice: 733.2;ListingStatus: 0;Email: outlook.com;"
"2;AMAZON;"
"3;EBAY;"
"0;AMAZON;ListingStatus: 0;"
"3;AMAZON;ListingPrice: -34.51;Email: policiesATmac.com;"
"1;AMAZON;"
"1;EBAY;Email: outlook.com;"
"3;AMAZON;"
"2;EBAY;"
"1;AMAZON;"
"1;EBAY;ListingPrice: 137.3;"
"0;AMAZON;ListingStatus: 0;"
"2;AMAZON;"
"1;EBAY;Email: .icloud.com;"
"3;EBAY;"
"3;AMAZON;UploadTime: null;"
"2;AMAZON;Email: policiesATmac.com;"
"0;EBAY;ListingStatus: 0;"
"3;EBAY;"
"3;EBAY;Email: .icloud.com;"
"3;EBAY;"
"0;AMAZON;ListingStatus: 0;"
"1;AMAZON;"
"0;AMAZON;ListingStatus: 0;"
"1;AMAZON;"
"3;AMAZON;UploadTime: null;"
"3;AMAZON;ListingPrice: 527.6;"
"2;EBAY;"
"1;EBAY;ListingPrice: -19.82;"
"3;AMAZON;"
"3;AMAZON;"
"1;EBAY;"
"0;EBAY;ListingStatus: 0;"
"0;AMAZON;ListingStatus: 0;Email: policiesATmac.com;"
"3;AMAZON;"
"1;AMAZON;"
"0;AMAZON;ListingStatus: 0;Email: outlook.com;"
"2;EBAY;"
"3;AMAZON;UploadTime: null;"
"2;EBAY;Email: outlook.com;"
"2;EBAY;"
"2;EBAY;"
"1;EBAY;"
"2;AMAZON;"
"0;AMAZON;ListingStatus: 0;"
"3;AMAZON;UploadTime: null;Email: .icloud.com;"
"1;AMAZON;UploadTime: null;"
"3;AMAZON;"
"0;EBAY;ListingStatus: 0;"
"3;EBAY;"
"2;EBAY;"
"1;AMAZON;"
"3;EBAY;"
"3;AMAZON;"
"3;EBAY;"
"3;EBAY;ListingPrice: -81.52;"
"1;AMAZON;"
"3;EBAY;"
"2;EBAY;ListingPrice: 124.7;"
"1;AMAZON;"
"2;AMAZON;"
"3;EBAY;"
"3;AMAZON;"
"1;EBAY;"
"1;EBAY;"
"3;AMAZON;UploadTime: null;Email: .icloud.com;"
"3;EBAY;"
"3;EBAY;ListingPrice: -3.81;"
"0;AMAZON;ListingStatus: 0;UploadTime: null;"
"0;EBAY;ListingStatus: 0;"
"2;EBAY;Email: .icloud.com;"
"2;AMAZON;"
"1;AMAZON;"
"1;AMAZON;ListingPrice: 625.6;"
"1;EBAY;"
"2;AMAZON;"
"2;EBAY;"
"2;EBAY;"
"2;EBAY;ListingPrice: -56.29;Email: outlook.com;"
"2;AMAZON;UploadTime: null;Email: .icloud.com;"
"2;AMAZON;UploadTime: null;Email: outlook.com;"
"2;EBAY;"
"2;AMAZON;"
"2;EBAY;UploadTime: null;"
"2;EBAY;"
"0;AMAZON;ListingStatus: 0;Email: policiesATmac.com;"
"1;EBAY;"
"1;AMAZON;Email: outlook.com;"
"1;AMAZON;ListingPrice: -86.71;UploadTime: null;"
"1;EBAY;"
"2;EBAY;ListingPrice: 328.1;"
"1;AMAZON;"
"2;EBAY;"
"1;AMAZON;"
"3;EBAY;"
"0;AMAZON;ListingStatus: 0;"
"2;AMAZON;"
"0;AMAZON;ListingPrice: -72.52;ListingStatus: 0;Email: .icloud.com;"
"1;EBAY;"
"0;EBAY;ListingStatus: 0;"
"1;AMAZON;"
"3;EBAY;"
"2;AMAZON;"
"3;EBAY;"
"1;AMAZON;Email: policiesATmac.com;"
